{
  "name": "ClothingItem",
  "type": "object",
  "properties": {
    "name": {
      "type": "string",
      "description": "Name of the clothing item"
    },
    "description": {
      "type": "string",
      "description": "Description of the item"
    },
    "category": {
      "type": "string",
      "enum": [
        "tops",
        "bottoms",
        "outerwear",
        "dresses",
        "activewear",
        "accessories"
      ],
      "description": "Category of clothing"
    },
    "price": {
      "type": "number",
      "description": "Price in USD"
    },
    "image_url": {
      "type": "string",
      "description": "URL of the clothing image"
    },
    "brand": {
      "type": "string",
      "description": "Brand name"
    },
    "sizes": {
      "type": "array",
      "items": {
        "type": "string"
      },
      "description": "Available sizes"
    },
    "colors": {
      "type": "array",
      "items": {
        "type": "string"
      },
      "description": "Available colors"
    },
    "seller_id": {
      "type": "string",
      "description": "ID of the seller"
    },
    "is_featured": {
      "type": "boolean",
      "default": false
    },
    "try_on_enabled": {
      "type": "boolean",
      "default": true
    }
  },
  "required": [
    "name",
    "category",
    "price",
    "image_url"
  ]
}